{"mutationPackId":"color_white_purple_1","displayName":"","previewImageURL":"file:///color_white_purple_1.svg","mutationDescs":[{"mutationKind":"MutationFileDesc","layerSpecifier":{"layerSpecifierType":"nLayerSpecifierTypeLayerId","layerId":{"layerId":2}},"mutationOptions":[{"optionKey":"FilePath","stringValue":{"value":"资源 27.png"}}]},{"mutationKind":"MutationTextStyle","layerSpecifier":{"layerSpecifierType":"nLayerSpecifierTypeLayerId","layerId":{"layerId":4}},"mutationOptions":[{"optionKey":"TextFillColor","stringValue":{"value":"ffe7cfff"}}]},{"mutationKind":"MutationFileDesc","layerSpecifier":{"layerSpecifierType":"nLayerSpecifierTypeLayerId","layerId":{"layerId":5}},"mutationOptions":[{"optionKey":"FilePath","stringValue":{"value":"资源 27.png"}}]}]}