{"mutationPackId":"color_light_blue_1","displayName":"","previewImageURL":"file:///color_light_blue_1.svg","mutationDescs":[{"mutationKind":"MutationFileDesc","layerSpecifier":{"layerSpecifierType":"nLayerSpecifierTypeLayerId","layerId":{"layerId":2}},"mutationOptions":[{"optionKey":"FilePath","stringValue":{"value":"资源 25.png"}}]},{"mutationKind":"MutationTextStyle","layerSpecifier":{"layerSpecifierType":"nLayerSpecifierTypeLayerId","layerId":{"layerId":4}},"mutationOptions":[{"optionKey":"TextFillColor","stringValue":{"value":"c5fbffff"}}]},{"mutationKind":"MutationFileDesc","layerSpecifier":{"layerSpecifierType":"nLayerSpecifierTypeLayerId","layerId":{"layerId":5}},"mutationOptions":[{"optionKey":"FilePath","stringValue":{"value":"资源 25.png"}}]}]}