{"mutationPackId":"color_white_purple_1","displayName":"","previewImageURL":"file:///color_white_purple_1.svg","mutationDescs":[{"mutationKind":"MutationLayerEffect","layerSpecifier":{"layerSpecifierType":"nLayerSpecifierTypeLayerId","layerId":{"layerId":2}},"mutationOptions":[{"optionKey":"LayerEffect","stringValue":{"value":"{\"layerEffects\":[{\"stroke\":{\"strokeFills\":[{\"fillType\":\"nFillTypeColor\",\"fillColor\":{\"rgbaHexValue\":\"\",\"rgbaFloatValue\":{\"x\":0.847058833,\"y\":0.188235298,\"z\":0.603921592,\"w\":1}}}],\"strokeWidths\":[7],\"strokeBlurRadius\":0}}]}"}}]},{"mutationKind":"MutationTextStyle","layerSpecifier":{"layerSpecifierType":"nLayerSpecifierTypeLayerId","layerId":{"layerId":3}},"mutationOptions":[{"optionKey":"TextFillColor","stringValue":{"value":"fce9ddff"}}]}]}