{"mutationPackId":"color_orange_green_1","displayName":"","previewImageURL":"file:///color_orange_green_1.svg","mutationDescs":[{"mutationKind":"MutationLayerEffect","layerSpecifier":{"layerSpecifierType":"nLayerSpecifierTypeLayerId","layerId":{"layerId":2}},"mutationOptions":[{"optionKey":"LayerEffect","stringValue":{"value":"{\"layerEffects\":[{\"stroke\":{\"strokeFills\":[{\"fillType\":\"nFillTypeColor\",\"fillColor\":{\"rgbaHexValue\":\"\",\"rgbaFloatValue\":{\"x\":0.380392164,\"y\":0.152941182,\"z\":1,\"w\":1}}}],\"strokeWidths\":[4.2],\"strokeBlurRadius\":0}}]}"}}]},{"mutationKind":"MutationTextStyle","layerSpecifier":{"layerSpecifierType":"nLayerSpecifierTypeLayerId","layerId":{"layerId":3}},"mutationOptions":[{"optionKey":"TextFillColor","stringValue":{"value":"dbff8dff"}}]},{"mutationKind":"MutationTextStyle","layerSpecifier":{"layerSpecifierType":"nLayerSpecifierTypeLayerId","layerId":{"layerId":4}},"mutationOptions":[{"optionKey":"TextFillColor","stringValue":{"value":"dbff8dff"}}]}]}