{"mutationPackId":"color_orange_green_1","displayName":"","previewImageURL":"file:///color_orange_green_1.svg","mutationDescs":[{"mutationKind":"MutationLayerEffect","layerSpecifier":{"layerSpecifierType":"nLayerSpecifierTypeLayerId","layerId":{"layerId":2}},"mutationOptions":[{"optionKey":"LayerEffect","stringValue":{"value":"{\"layerEffects\":[{\"stroke\":{\"strokeFills\":[{\"fillType\":\"nFillTypeColor\",\"fillColor\":{\"rgbaHexValue\":\"\",\"rgbaFloatValue\":{\"x\":0.0549019612,\"y\":0.247058824,\"z\":0.00392156886,\"w\":1}}}],\"strokeWidths\":[7],\"strokeBlurRadius\":0}}]}"}}]},{"mutationKind":"MutationTextStyle","layerSpecifier":{"layerSpecifierType":"nLayerSpecifierTypeLayerId","layerId":{"layerId":3}},"mutationOptions":[{"optionKey":"TextFillColor","stringValue":{"value":"ff9933ff"}}]}]}