{"mutationPackId":"color_light_blue_1","displayName":"","previewImageURL":"file:///color_light_blue_1.svg","mutationDescs":[{"mutationKind":"MutationLayerEffect","layerSpecifier":{"layerSpecifierType":"nLayerSpecifierTypeLayerId","layerId":{"layerId":2}},"mutationOptions":[{"optionKey":"LayerEffect","stringValue":{"value":"{\"layerEffects\":[{\"stroke\":{\"strokeFills\":[{\"fillType\":\"nFillTypeColor\",\"fillColor\":{\"rgbaHexValue\":\"\",\"rgbaFloatValue\":{\"x\":0.117647059,\"y\":0.447058827,\"z\":0.97647059,\"w\":1}}}],\"strokeWidths\":[7],\"strokeBlurRadius\":0}}]}"}}]},{"mutationKind":"MutationTextStyle","layerSpecifier":{"layerSpecifierType":"nLayerSpecifierTypeLayerId","layerId":{"layerId":3}},"mutationOptions":[{"optionKey":"TextFillColor","stringValue":{"value":"dafafeff"}}]}]}