{"mutationPackId":"color_rainbow_1","displayName":"","previewImageURL":"file:///color_rainbow_1.svg","mutationDescs":[{"mutationKind":"MutationTextStyle","layerSpecifier":{"layerSpecifierType":"nLayerSpecifierTypeLayerId","layerId":{"layerId":3}},"mutationOptions":[{"optionKey":"TextFillImageFillType","intValue":{"value":4}},{"optionKey":"TextFillImageID","stringValue":{"value":"e97956f533f7773d69e566f3574c2605"}},{"optionKey":"TextFillImageResourceFilePath","stringValue":{"value":"e97956f533f7773d69e566f3574c2605.jpg"}}]},{"mutationKind":"MutationTextStyle","layerSpecifier":{"layerSpecifierType":"nLayerSpecifierTypeLayerId","layerId":{"layerId":4}},"mutationOptions":[{"optionKey":"TextFillImageFillType","intValue":{"value":4}},{"optionKey":"TextFillImageID","stringValue":{"value":"e97956f533f7773d69e566f3574c2605"}},{"optionKey":"TextFillImageResourceFilePath","stringValue":{"value":"e97956f533f7773d69e566f3574c2605.jpg"}}]}]}