{"mutationPackId":"color_light_green_1","displayName":"","previewImageURL":"file:///color_light_green_1.svg","mutationDescs":[{"mutationKind":"MutationTextStyle","layerSpecifier":{"layerSpecifierType":"nLayerSpecifierTypeLayerId","layerId":{"layerId":3}},"mutationOptions":[{"optionKey":"TextFillColor","stringValue":{"value":"d3f8e7ff"}}]},{"mutationKind":"MutationTextStyle","layerSpecifier":{"layerSpecifierType":"nLayerSpecifierTypeLayerId","layerId":{"layerId":4}},"mutationOptions":[{"optionKey":"TextFillColor","stringValue":{"value":"d3f8e7ff"}}]}]}