{"mutationPackId":"color_black_1","displayName":"","previewImageURL":"file:///color_black_1.svg","mutationDescs":[{"mutationKind":"MutationLayerEffect","layerSpecifier":{"layerSpecifierType":"nLayerSpecifierTypeLayerId","layerId":{"layerId":2}},"mutationOptions":[{"optionKey":"LayerEffect","stringValue":{"value":"{\"layerEffects\":[{\"stroke\":{\"strokeFills\":[{\"fillType\":\"nFillTypeColor\",\"fillColor\":{\"rgbaHexValue\":\"\",\"rgbaFloatValue\":{\"x\":1,\"y\":1,\"z\":1,\"w\":1}}}],\"strokeWidths\":[4.2],\"strokeBlurRadius\":0}}]}"}}]},{"mutationKind":"MutationTextStyle","layerSpecifier":{"layerSpecifierType":"nLayerSpecifierTypeLayerId","layerId":{"layerId":3}},"mutationOptions":[{"optionKey":"TextFillColor","stringValue":{"value":"000000ff"}}]},{"mutationKind":"MutationTextStyle","layerSpecifier":{"layerSpecifierType":"nLayerSpecifierTypeLayerId","layerId":{"layerId":4}},"mutationOptions":[{"optionKey":"TextFillColor","stringValue":{"value":"000000ff"}}]}]}