{"mutationPackId":"color_black_1","displayName":"","previewImageURL":"file:///color_black_1.svg","mutationDescs":[{"mutationKind":"MutationFileDesc","layerSpecifier":{"layerSpecifierType":"nLayerSpecifierTypeLayerId","layerId":{"layerId":2}},"mutationOptions":[{"optionKey":"FilePath","stringValue":{"value":"资源 23.png"}}]},{"mutationKind":"MutationTextStyle","layerSpecifier":{"layerSpecifierType":"nLayerSpecifierTypeLayerId","layerId":{"layerId":4}},"mutationOptions":[{"optionKey":"TextFillColor","stringValue":{"value":"000000ff"}},{"optionKey":"TextStrokeColor","stringValue":{"value":"ffffffff"}}]},{"mutationKind":"MutationFileDesc","layerSpecifier":{"layerSpecifierType":"nLayerSpecifierTypeLayerId","layerId":{"layerId":5}},"mutationOptions":[{"optionKey":"FilePath","stringValue":{"value":"资源 23.png"}}]}]}