{"rootLayerTemplate":{"layerType":"nLayerTypeContainer","startTimeDesc":{"relativeStartTime":{"flicks":"0","type":"nTimeTypeNumeric"}},"durationDesc":{"durationMode":"nDurationModeDerived","explicitDuration":{"flicks":"0","type":"nTimeTypeNumeric"}},"layoutParam":{"direction":"nDirectionInherit","flexDirection":"nFlexDirectionRow","justifyContent":"nJustifyCenter","alignContent":"nAlignFlexStart","alignItems":"nAlignCenter","alignSelf":"nAlignAuto","positionType":"nPositionTypeRelative","flexWrap":"nWrapNoWrap","overflow":"nOverflowVisible","display":"nDisplayFlex","flex":"NaN","flexGrow":"NaN","flexShrink":"NaN","flexBasis":{"value":"NaN","unit":"nUnitAuto"},"left":{"value":"NaN","unit":"nUnitUndefined"},"top":{"value":"NaN","unit":"nUnitUndefined"},"right":{"value":"NaN","unit":"nUnitUndefined"},"bottom":{"value":"NaN","unit":"nUnitUndefined"},"start":{"value":"NaN","unit":"nUnitUndefined"},"end":{"value":"NaN","unit":"nUnitUndefined"},"marginLeft":{"value":"NaN","unit":"nUnitUndefined"},"marginTop":{"value":"NaN","unit":"nUnitUndefined"},"marginRight":{"value":"NaN","unit":"nUnitUndefined"},"marginBottom":{"value":"NaN","unit":"nUnitUndefined"},"marginStart":{"value":"NaN","unit":"nUnitUndefined"},"marginEnd":{"value":"NaN","unit":"nUnitUndefined"},"marginHorizontal":{"value":"NaN","unit":"nUnitUndefined"},"marginVertical":{"value":"NaN","unit":"nUnitUndefined"},"margin":{"value":"NaN","unit":"nUnitUndefined"},"paddingLeft":{"value":"NaN","unit":"nUnitUndefined"},"paddingTop":{"value":"NaN","unit":"nUnitUndefined"},"paddingRight":{"value":"NaN","unit":"nUnitUndefined"},"paddingBottom":{"value":"NaN","unit":"nUnitUndefined"},"paddingStart":{"value":"NaN","unit":"nUnitUndefined"},"paddingEnd":{"value":"NaN","unit":"nUnitUndefined"},"paddingHorizontal":{"value":"NaN","unit":"nUnitUndefined"},"paddingVertical":{"value":"NaN","unit":"nUnitUndefined"},"padding":{"value":"NaN","unit":"nUnitUndefined"},"borderLeftWidth":"NaN","borderTopWidth":"NaN","borderRightWidth":"NaN","borderBottomWidth":"NaN","borderStartWidth":"NaN","borderEndWidth":"NaN","borderWidth":"NaN","width":{"value":"NaN","unit":"nUnitAuto"},"height":{"value":"NaN","unit":"nUnitAuto"},"minWidth":{"value":"NaN","unit":"nUnitUndefined"},"minHeight":{"value":"NaN","unit":"nUnitUndefined"},"maxWidth":{"value":"NaN","unit":"nUnitUndefined"},"maxHeight":{"value":"NaN","unit":"nUnitUndefined"},"aspectRatio":"NaN"},"styleDesc":{"opacity":{"value":1},"backgroundDesc":{"fillColor":{"rgbaHexValue":"","rgbaFloatValue":{"x":0,"y":0,"z":0,"w":0}},"cornerRadius":0,"borderStrokeDesc":{"strokeColor":{"rgbaHexValue":"","rgbaFloatValue":{"x":0,"y":0,"z":0,"w":0}},"strokeWidth":0}},"borderDesc":{"cornerRadius":0,"strokeDesc":{"strokeColor":{"rgbaHexValue":"","rgbaFloatValue":{"x":0,"y":0,"z":0,"w":0}},"strokeWidth":0}},"clipsToBounds":false,"contentScaleMode":"nContentScaleModeFill","shadowDesc":{"shadowColor":{"rgbaHexValue":"","rgbaFloatValue":{"x":0,"y":0,"z":0,"w":0}},"shadowOffset":{"x":0,"y":0},"shadowBlurRadius":0},"shearDegrees":{"x":0,"y":0},"anchorPoint":{"x":0.5,"y":0.5},"contentFlipMode":"nContentFlipModeNone","layerEffectDescQueue":{"layerEffects":[]}},"layerContentOptions":{},"visibilityDesc":{"visibilityRule":{"ruleType":"nLayerVisibilityRuleTypeWithTextBlockContent","visibilityRuleWithTextBlockContent":{"textBlockName":"title"}}},"sublayerTemplates":[{"layerType":"nLayerTypeImage","startTimeDesc":{"relativeStartTime":{"flicks":"0","type":"nTimeTypeNumeric"}},"durationDesc":{"durationMode":"nDurationModeDerived","explicitDuration":{"flicks":"0","type":"nTimeTypeNumeric"}},"layoutParam":{"direction":"nDirectionInherit","flexDirection":"nFlexDirectionColumn","justifyContent":"nJustifyFlexStart","alignContent":"nAlignFlexStart","alignItems":"nAlignStretch","alignSelf":"nAlignAuto","positionType":"nPositionTypeRelative","flexWrap":"nWrapNoWrap","overflow":"nOverflowVisible","display":"nDisplayFlex","flex":"NaN","flexGrow":"NaN","flexShrink":"NaN","flexBasis":{"value":"NaN","unit":"nUnitAuto"},"left":{"value":"NaN","unit":"nUnitUndefined"},"top":{"value":"NaN","unit":"nUnitUndefined"},"right":{"value":"NaN","unit":"nUnitUndefined"},"bottom":{"value":"NaN","unit":"nUnitUndefined"},"start":{"value":"NaN","unit":"nUnitUndefined"},"end":{"value":"NaN","unit":"nUnitUndefined"},"marginLeft":{"value":"NaN","unit":"nUnitUndefined"},"marginTop":{"value":"NaN","unit":"nUnitUndefined"},"marginRight":{"value":"NaN","unit":"nUnitUndefined"},"marginBottom":{"value":"NaN","unit":"nUnitUndefined"},"marginStart":{"value":"NaN","unit":"nUnitUndefined"},"marginEnd":{"value":"NaN","unit":"nUnitUndefined"},"marginHorizontal":{"value":"NaN","unit":"nUnitUndefined"},"marginVertical":{"value":"NaN","unit":"nUnitUndefined"},"margin":{"value":"NaN","unit":"nUnitUndefined"},"paddingLeft":{"value":"NaN","unit":"nUnitUndefined"},"paddingTop":{"value":"NaN","unit":"nUnitUndefined"},"paddingRight":{"value":"NaN","unit":"nUnitUndefined"},"paddingBottom":{"value":"NaN","unit":"nUnitUndefined"},"paddingStart":{"value":"NaN","unit":"nUnitUndefined"},"paddingEnd":{"value":"NaN","unit":"nUnitUndefined"},"paddingHorizontal":{"value":"NaN","unit":"nUnitUndefined"},"paddingVertical":{"value":"NaN","unit":"nUnitUndefined"},"padding":{"value":"NaN","unit":"nUnitUndefined"},"borderLeftWidth":"NaN","borderTopWidth":"NaN","borderRightWidth":"NaN","borderBottomWidth":"NaN","borderStartWidth":"NaN","borderEndWidth":"NaN","borderWidth":"NaN","width":{"value":20,"unit":"nUnitPoint"},"height":{"value":45,"unit":"nUnitPoint"},"minWidth":{"value":"NaN","unit":"nUnitUndefined"},"minHeight":{"value":"NaN","unit":"nUnitUndefined"},"maxWidth":{"value":"NaN","unit":"nUnitUndefined"},"maxHeight":{"value":"NaN","unit":"nUnitUndefined"},"aspectRatio":"NaN"},"styleDesc":{"opacity":{"value":1},"backgroundDesc":{"fillColor":{"rgbaHexValue":"","rgbaFloatValue":{"x":0,"y":0,"z":0,"w":0}},"cornerRadius":0,"borderStrokeDesc":{"strokeColor":{"rgbaHexValue":"","rgbaFloatValue":{"x":0,"y":0,"z":0,"w":0}},"strokeWidth":0}},"borderDesc":{"cornerRadius":0,"strokeDesc":{"strokeColor":{"rgbaHexValue":"","rgbaFloatValue":{"x":0,"y":0,"z":0,"w":0}},"strokeWidth":0}},"clipsToBounds":false,"contentScaleMode":"nContentScaleModeFill","shadowDesc":{"shadowColor":{"rgbaHexValue":"","rgbaFloatValue":{"x":0,"y":0,"z":0,"w":0}},"shadowOffset":{"x":0,"y":0},"shadowBlurRadius":0},"shearDegrees":{"x":0,"y":0},"anchorPoint":{"x":0.5,"y":0.5},"contentFlipMode":"nContentFlipModeNone","layerEffectDescQueue":{"layerEffects":[]}},"layerContentOptions":{},"sublayerTemplates":[],"animDescs":[],"outAnimDescs":[],"layerResources":[],"contentLayerTemplate":{"contentDuration":{"flicks":"0","type":"nTimeTypePositiveInfinity"},"contentTimingFillMode":"nTimingFillModeNone","contentLocaleId":"","imageLayerTemplate":{"imageDesc":{"fileDesc":{"fileUrl":"","fileName":"资源 22.png"},"resizingDesc":{"capInsets":{"x":0,"y":0,"z":0,"w":0}},"scaleFactor":1}}}},{"layerType":"nLayerTypeContainer","startTimeDesc":{"relativeStartTime":{"flicks":"0","type":"nTimeTypeNumeric"}},"durationDesc":{"durationMode":"nDurationModeDerived","explicitDuration":{"flicks":"0","type":"nTimeTypeNumeric"}},"layoutParam":{"direction":"nDirectionInherit","flexDirection":"nFlexDirectionColumn","justifyContent":"nJustifyFlexStart","alignContent":"nAlignFlexStart","alignItems":"nAlignStretch","alignSelf":"nAlignAuto","positionType":"nPositionTypeRelative","flexWrap":"nWrapNoWrap","overflow":"nOverflowVisible","display":"nDisplayFlex","flex":"NaN","flexGrow":"NaN","flexShrink":"NaN","flexBasis":{"value":"NaN","unit":"nUnitAuto"},"left":{"value":"NaN","unit":"nUnitUndefined"},"top":{"value":"NaN","unit":"nUnitUndefined"},"right":{"value":"NaN","unit":"nUnitUndefined"},"bottom":{"value":"NaN","unit":"nUnitUndefined"},"start":{"value":"NaN","unit":"nUnitUndefined"},"end":{"value":"NaN","unit":"nUnitUndefined"},"marginLeft":{"value":16,"unit":"nUnitPoint"},"marginTop":{"value":"NaN","unit":"nUnitUndefined"},"marginRight":{"value":16,"unit":"nUnitPoint"},"marginBottom":{"value":"NaN","unit":"nUnitUndefined"},"marginStart":{"value":"NaN","unit":"nUnitUndefined"},"marginEnd":{"value":"NaN","unit":"nUnitUndefined"},"marginHorizontal":{"value":"NaN","unit":"nUnitUndefined"},"marginVertical":{"value":"NaN","unit":"nUnitUndefined"},"margin":{"value":"NaN","unit":"nUnitUndefined"},"paddingLeft":{"value":"NaN","unit":"nUnitUndefined"},"paddingTop":{"value":"NaN","unit":"nUnitUndefined"},"paddingRight":{"value":"NaN","unit":"nUnitUndefined"},"paddingBottom":{"value":"NaN","unit":"nUnitUndefined"},"paddingStart":{"value":"NaN","unit":"nUnitUndefined"},"paddingEnd":{"value":"NaN","unit":"nUnitUndefined"},"paddingHorizontal":{"value":"NaN","unit":"nUnitUndefined"},"paddingVertical":{"value":"NaN","unit":"nUnitUndefined"},"padding":{"value":"NaN","unit":"nUnitUndefined"},"borderLeftWidth":"NaN","borderTopWidth":"NaN","borderRightWidth":"NaN","borderBottomWidth":"NaN","borderStartWidth":"NaN","borderEndWidth":"NaN","borderWidth":"NaN","width":{"value":"NaN","unit":"nUnitAuto"},"height":{"value":"NaN","unit":"nUnitAuto"},"minWidth":{"value":"NaN","unit":"nUnitUndefined"},"minHeight":{"value":"NaN","unit":"nUnitUndefined"},"maxWidth":{"value":"NaN","unit":"nUnitUndefined"},"maxHeight":{"value":"NaN","unit":"nUnitUndefined"},"aspectRatio":"NaN"},"styleDesc":{"opacity":{"value":1},"backgroundDesc":{"fillColor":{"rgbaHexValue":"","rgbaFloatValue":{"x":0,"y":0,"z":0,"w":0}},"cornerRadius":0,"borderStrokeDesc":{"strokeColor":{"rgbaHexValue":"","rgbaFloatValue":{"x":0,"y":0,"z":0,"w":0}},"strokeWidth":0}},"borderDesc":{"cornerRadius":0,"strokeDesc":{"strokeColor":{"rgbaHexValue":"","rgbaFloatValue":{"x":0,"y":0,"z":0,"w":0}},"strokeWidth":0}},"clipsToBounds":false,"contentScaleMode":"nContentScaleModeFill","shadowDesc":{"shadowColor":{"rgbaHexValue":"","rgbaFloatValue":{"x":0,"y":0,"z":0,"w":0}},"shadowOffset":{"x":0,"y":0},"shadowBlurRadius":0},"shearDegrees":{"x":0,"y":0},"anchorPoint":{"x":0.5,"y":0.5},"contentFlipMode":"nContentFlipModeNone","layerEffectDescQueue":{"layerEffects":[]}},"layerContentOptions":{},"sublayerTemplates":[{"layerType":"nLayerTypeText","startTimeDesc":{"relativeStartTime":{"flicks":"0","type":"nTimeTypeNumeric"}},"durationDesc":{"durationMode":"nDurationModeDerived","explicitDuration":{"flicks":"0","type":"nTimeTypeNumeric"}},"layoutParam":{"direction":"nDirectionInherit","flexDirection":"nFlexDirectionColumn","justifyContent":"nJustifyFlexStart","alignContent":"nAlignFlexStart","alignItems":"nAlignStretch","alignSelf":"nAlignAuto","positionType":"nPositionTypeRelative","flexWrap":"nWrapNoWrap","overflow":"nOverflowVisible","display":"nDisplayFlex","flex":"NaN","flexGrow":"NaN","flexShrink":"NaN","flexBasis":{"value":"NaN","unit":"nUnitAuto"},"left":{"value":"NaN","unit":"nUnitUndefined"},"top":{"value":"NaN","unit":"nUnitUndefined"},"right":{"value":"NaN","unit":"nUnitUndefined"},"bottom":{"value":"NaN","unit":"nUnitUndefined"},"start":{"value":"NaN","unit":"nUnitUndefined"},"end":{"value":"NaN","unit":"nUnitUndefined"},"marginLeft":{"value":"NaN","unit":"nUnitUndefined"},"marginTop":{"value":"NaN","unit":"nUnitUndefined"},"marginRight":{"value":"NaN","unit":"nUnitUndefined"},"marginBottom":{"value":"NaN","unit":"nUnitUndefined"},"marginStart":{"value":"NaN","unit":"nUnitUndefined"},"marginEnd":{"value":"NaN","unit":"nUnitUndefined"},"marginHorizontal":{"value":"NaN","unit":"nUnitUndefined"},"marginVertical":{"value":"NaN","unit":"nUnitUndefined"},"margin":{"value":"NaN","unit":"nUnitUndefined"},"paddingLeft":{"value":"NaN","unit":"nUnitUndefined"},"paddingTop":{"value":"NaN","unit":"nUnitUndefined"},"paddingRight":{"value":"NaN","unit":"nUnitUndefined"},"paddingBottom":{"value":"NaN","unit":"nUnitUndefined"},"paddingStart":{"value":"NaN","unit":"nUnitUndefined"},"paddingEnd":{"value":"NaN","unit":"nUnitUndefined"},"paddingHorizontal":{"value":"NaN","unit":"nUnitUndefined"},"paddingVertical":{"value":"NaN","unit":"nUnitUndefined"},"padding":{"value":"NaN","unit":"nUnitUndefined"},"borderLeftWidth":"NaN","borderTopWidth":"NaN","borderRightWidth":"NaN","borderBottomWidth":"NaN","borderStartWidth":"NaN","borderEndWidth":"NaN","borderWidth":"NaN","width":{"value":"NaN","unit":"nUnitAuto"},"height":{"value":"NaN","unit":"nUnitAuto"},"minWidth":{"value":"NaN","unit":"nUnitUndefined"},"minHeight":{"value":"NaN","unit":"nUnitUndefined"},"maxWidth":{"value":"NaN","unit":"nUnitUndefined"},"maxHeight":{"value":"NaN","unit":"nUnitUndefined"},"aspectRatio":"NaN"},"styleDesc":{"opacity":{"value":1},"backgroundDesc":{"fillColor":{"rgbaHexValue":"","rgbaFloatValue":{"x":0,"y":0,"z":0,"w":0}},"cornerRadius":0,"borderStrokeDesc":{"strokeColor":{"rgbaHexValue":"","rgbaFloatValue":{"x":0,"y":0,"z":0,"w":0}},"strokeWidth":0}},"borderDesc":{"cornerRadius":0,"strokeDesc":{"strokeColor":{"rgbaHexValue":"","rgbaFloatValue":{"x":0,"y":0,"z":0,"w":0}},"strokeWidth":0}},"clipsToBounds":false,"contentScaleMode":"nContentScaleModeFill","shadowDesc":{"shadowColor":{"rgbaHexValue":"","rgbaFloatValue":{"x":0,"y":0,"z":0,"w":0}},"shadowOffset":{"x":0,"y":0},"shadowBlurRadius":0},"shearDegrees":{"x":0,"y":0},"anchorPoint":{"x":0.5,"y":0.5},"contentFlipMode":"nContentFlipModeNone","layerEffectDescQueue":{"layerEffects":[]}},"layerContentOptions":{},"sublayerTemplates":[],"animDescs":[],"outAnimDescs":[],"layerResources":[],"contentLayerTemplate":{"contentDuration":{"flicks":"0","type":"nTimeTypePositiveInfinity"},"contentTimingFillMode":"nTimingFillModeNone","contentLocaleId":"zh_CN","textLayerTemplate":{"textTemplate":"","isFontSizeAdaptive":false,"textStyle":{"textStyle":{"textFontStyle":{"textFontName":"PingFangSC-Semibold","textFontSize":{"value":48},"textCharacterSpacing":{"value":0},"textLineWidthFactor":{"value":1},"textCharacterWidthMultiple":{"value":1.04},"textShearDegrees":{"x":8,"y":0},"enableFontAdjustment":true},"textParagraphStyle":{"isVertical":false,"textParagraphAlignment":"nTextAlignmentCenter","textParagraphLineSpacing":{"value":0},"textParagraphLineHeightMultiple":{"value":0.98},"textCharacterDirection":"nTextDirectionLeftToRightOrTopToBottom","textLineDirection":"nTextDirectionLeftToRightOrTopToBottom","textParagraphBaselineOffset":{"value":0},"textParagraphType":"nTextParagraphTypeHorizontal"}},"textLayerStyles":[{"textLayerFill":{"fill":{"fillType":"nFillTypeColor","fillColor":{"rgbaHexValue":"","rgbaFloatValue":{"x":1,"y":1,"z":1,"w":1}}},"fillScope":"nTextFillScopeText"},"textLayerStrokeDesc":{"strokeFill":{"fill":{"fillType":"nFillTypeColor","fillColor":{"rgbaHexValue":"","rgbaFloatValue":{"x":0,"y":0,"z":0,"w":1}}},"fillScope":"nTextFillScopeText"},"strokeWidth":2.2},"textLayerShadowDesc":{"shadowFill":{"fill":{"fillType":"nFillTypeNone","fillColor":{"rgbaHexValue":"","rgbaFloatValue":{"x":0,"y":0,"z":0,"w":0}}},"fillScope":"nTextFillScopeUnspecified"},"shadowOffset":{"x":0,"y":0},"shadowBlurRadius":0,"shadowType":"nTextShadowTypeDefault"},"layerOffset":{"x":0,"y":0}}],"textBackgroundDesc":{"backgroundType":"nTextBackgroundTypeNone","backgroundShape":"nTextBackgroundShapeRectangle","backgroundFillColor":{"rgbaHexValue":"","rgbaFloatValue":{"x":0,"y":0,"z":0,"w":0}},"backgroundStrokeDesc":{"strokeColor":{"rgbaHexValue":"","rgbaFloatValue":{"x":0,"y":0,"z":0,"w":0}},"strokeWidth":0},"backgroundCornerRadiusMultiple":0,"backgroundCornerRadius":0,"backgroundEdgeInsets":{"x":0,"y":0,"z":0,"w":0},"backgroundSizeMultiple":{"x":1,"y":1}}},"textContentOptions":{},"maxLineCount":0,"maxAdaptiveFontSize":"Infinity","minAdaptiveFontSize":0,"textBlockSequence":{"textBlocks":[{"blockId":"723ae1e4-35ff-4a58-afae-79b0af07f75e","blockType":"nTextBlockTypeDynamic","blockName":"title","blockContent":"","dynamicTextBlock":{"isEditable":true,"defaultContent":"","placeholder":"请输入标题"}}]}}}}],"animDescs":[],"outAnimDescs":[],"layerResources":[]},{"layerType":"nLayerTypeImage","startTimeDesc":{"relativeStartTime":{"flicks":"0","type":"nTimeTypeNumeric"}},"durationDesc":{"durationMode":"nDurationModeDerived","explicitDuration":{"flicks":"0","type":"nTimeTypeNumeric"}},"layoutParam":{"direction":"nDirectionInherit","flexDirection":"nFlexDirectionColumn","justifyContent":"nJustifyFlexStart","alignContent":"nAlignFlexStart","alignItems":"nAlignStretch","alignSelf":"nAlignAuto","positionType":"nPositionTypeRelative","flexWrap":"nWrapNoWrap","overflow":"nOverflowVisible","display":"nDisplayFlex","flex":"NaN","flexGrow":"NaN","flexShrink":"NaN","flexBasis":{"value":"NaN","unit":"nUnitAuto"},"left":{"value":"NaN","unit":"nUnitUndefined"},"top":{"value":"NaN","unit":"nUnitUndefined"},"right":{"value":"NaN","unit":"nUnitUndefined"},"bottom":{"value":"NaN","unit":"nUnitUndefined"},"start":{"value":"NaN","unit":"nUnitUndefined"},"end":{"value":"NaN","unit":"nUnitUndefined"},"marginLeft":{"value":"NaN","unit":"nUnitUndefined"},"marginTop":{"value":"NaN","unit":"nUnitUndefined"},"marginRight":{"value":"NaN","unit":"nUnitUndefined"},"marginBottom":{"value":"NaN","unit":"nUnitUndefined"},"marginStart":{"value":"NaN","unit":"nUnitUndefined"},"marginEnd":{"value":"NaN","unit":"nUnitUndefined"},"marginHorizontal":{"value":"NaN","unit":"nUnitUndefined"},"marginVertical":{"value":"NaN","unit":"nUnitUndefined"},"margin":{"value":"NaN","unit":"nUnitUndefined"},"paddingLeft":{"value":"NaN","unit":"nUnitUndefined"},"paddingTop":{"value":"NaN","unit":"nUnitUndefined"},"paddingRight":{"value":"NaN","unit":"nUnitUndefined"},"paddingBottom":{"value":"NaN","unit":"nUnitUndefined"},"paddingStart":{"value":"NaN","unit":"nUnitUndefined"},"paddingEnd":{"value":"NaN","unit":"nUnitUndefined"},"paddingHorizontal":{"value":"NaN","unit":"nUnitUndefined"},"paddingVertical":{"value":"NaN","unit":"nUnitUndefined"},"padding":{"value":"NaN","unit":"nUnitUndefined"},"borderLeftWidth":"NaN","borderTopWidth":"NaN","borderRightWidth":"NaN","borderBottomWidth":"NaN","borderStartWidth":"NaN","borderEndWidth":"NaN","borderWidth":"NaN","width":{"value":20,"unit":"nUnitPoint"},"height":{"value":45,"unit":"nUnitPoint"},"minWidth":{"value":"NaN","unit":"nUnitUndefined"},"minHeight":{"value":"NaN","unit":"nUnitUndefined"},"maxWidth":{"value":"NaN","unit":"nUnitUndefined"},"maxHeight":{"value":"NaN","unit":"nUnitUndefined"},"aspectRatio":"NaN"},"styleDesc":{"opacity":{"value":1},"backgroundDesc":{"fillColor":{"rgbaHexValue":"","rgbaFloatValue":{"x":0,"y":0,"z":0,"w":0}},"cornerRadius":0,"borderStrokeDesc":{"strokeColor":{"rgbaHexValue":"","rgbaFloatValue":{"x":0,"y":0,"z":0,"w":0}},"strokeWidth":0}},"borderDesc":{"cornerRadius":0,"strokeDesc":{"strokeColor":{"rgbaHexValue":"","rgbaFloatValue":{"x":0,"y":0,"z":0,"w":0}},"strokeWidth":0}},"clipsToBounds":false,"contentScaleMode":"nContentScaleModeFill","shadowDesc":{"shadowColor":{"rgbaHexValue":"","rgbaFloatValue":{"x":0,"y":0,"z":0,"w":0}},"shadowOffset":{"x":0,"y":0},"shadowBlurRadius":0},"shearDegrees":{"x":0,"y":0},"anchorPoint":{"x":0.5,"y":0.5},"contentFlipMode":"nContentFlipModeNone","layerEffectDescQueue":{"layerEffects":[]}},"layerContentOptions":{},"sublayerTemplates":[],"animDescs":[],"outAnimDescs":[],"layerResources":[],"contentLayerTemplate":{"contentDuration":{"flicks":"0","type":"nTimeTypePositiveInfinity"},"contentTimingFillMode":"nTimingFillModeNone","contentLocaleId":"","imageLayerTemplate":{"imageDesc":{"fileDesc":{"fileUrl":"","fileName":"资源 22.png"},"resizingDesc":{"capInsets":{"x":0,"y":0,"z":0,"w":0}},"scaleFactor":1}}}}],"animDescs":[],"outAnimDescs":[],"layerResources":[]},"isSnapshotTimeSpecified":false,"isFullPreviewTimeSpecified":false}