{"mutationPackId":"color_yellow_orange_1","displayName":"","previewImageURL":"file:///color_yellow_orange_1.svg","mutationDescs":[{"mutationKind":"MutationFileDesc","layerSpecifier":{"layerSpecifierType":"nLayerSpecifierTypeLayerId","layerId":{"layerId":2}},"mutationOptions":[{"optionKey":"FilePath","stringValue":{"value":"资源 30.png"}}]},{"mutationKind":"MutationTextStyle","layerSpecifier":{"layerSpecifierType":"nLayerSpecifierTypeLayerId","layerId":{"layerId":4}},"mutationOptions":[{"optionKey":"TextFillColor","stringValue":{"value":"fffaa1ff"}}]},{"mutationKind":"MutationFileDesc","layerSpecifier":{"layerSpecifierType":"nLayerSpecifierTypeLayerId","layerId":{"layerId":5}},"mutationOptions":[{"optionKey":"FilePath","stringValue":{"value":"资源 30.png"}}]}]}